fold,variant,seed,slide_id,pair_cosine_average,pair_cosine_worst,retrieval_top1_average,retrieval_top1_worst,scanner_probe_accuracy
3,paired_reference,911,scc_01,0.6923855856060982,0.5245785415172577,0.9875,0.875,0.75
3,paired_reference,912,scc_01,0.7100922547280788,0.5362091213464737,0.975,0.875,0.65
3,paired_reference,913,scc_01,0.7049283593893051,0.5628108382225037,0.9875,0.875,0.65
3,paired_reference,914,scc_01,0.7006075873970985,0.5496666133403778,0.9625,0.875,0.75
3,paired_reference,915,scc_01,0.7241689503192902,0.5752550214529037,1.0,1.0,0.65
0,paired_reference,911,scc_02,0.70161083108849,0.5957911478148566,0.9944444444444445,0.9444444444444444,0.7111111111111111
0,paired_reference,912,scc_02,0.7054171770811081,0.6122296386294894,0.9944444444444445,0.9444444444444444,0.7777777777777778
0,paired_reference,913,scc_02,0.7059016635020574,0.6153881947199503,0.9944444444444445,0.9444444444444444,0.6888888888888889
0,paired_reference,914,scc_02,0.7018345617585712,0.6016657948493958,1.0,1.0,0.7333333333333333
0,paired_reference,915,scc_02,0.7019939386182361,0.6007364028029971,1.0,1.0,0.6
1,paired_reference,911,scc_03,0.7023111815253894,0.6392151652662842,0.9564814814814815,0.9259259259259259,0.762962962962963
1,paired_reference,912,scc_03,0.7113726979604473,0.657091588333801,0.9611111111111111,0.9166666666666666,0.7777777777777778
1,paired_reference,913,scc_03,0.7162733977039655,0.6634799992596662,0.9537037037037037,0.8888888888888888,0.7962962962962963
1,paired_reference,914,scc_03,0.7078051679112293,0.6429793238639832,0.9592592592592593,0.8981481481481481,0.7444444444444445
1,paired_reference,915,scc_03,0.7049411185361721,0.654817678310253,0.9518518518518518,0.9074074074074074,0.8185185185185185
0,paired_reference,911,scc_04,0.6088331358773368,0.5016006444181714,0.9571428571428572,0.8571428571428571,0.6857142857142857
0,paired_reference,912,scc_04,0.6150365058864866,0.4672809200627463,0.9785714285714285,0.9285714285714286,0.6285714285714286
0,paired_reference,913,scc_04,0.6266635520117624,0.5013812014034816,1.0,1.0,0.6285714285714286
0,paired_reference,914,scc_04,0.5939012391226632,0.4730148230280195,0.9214285714285714,0.8571428571428571,0.6285714285714286
0,paired_reference,915,scc_04,0.6326520898512431,0.5118117843355451,0.95,0.8571428571428571,0.5714285714285714
2,paired_reference,911,scc_05,0.6663462674006437,0.6279802750318478,0.8448717948717949,0.717948717948718,0.7384615384615385
2,paired_reference,912,scc_05,0.6765886403811283,0.6373790288582827,0.8346153846153846,0.7051282051282052,0.6923076923076923
2,paired_reference,913,scc_05,0.6687140480065957,0.6267286860025846,0.8423076923076923,0.7051282051282052,0.7333333333333333
2,paired_reference,914,scc_05,0.6748556257058412,0.6437625120847653,0.8435897435897436,0.6666666666666666,0.7897435897435897
2,paired_reference,915,scc_05,0.6783965409184114,0.6402099163104327,0.8487179487179487,0.7564102564102564,0.7538461538461538
2,paired_reference,911,scc_06,0.6423487643400828,0.5751645796828799,0.9333333333333333,0.8333333333333334,0.6444444444444445
2,paired_reference,912,scc_06,0.6392916682693693,0.5657522512806786,0.9166666666666666,0.8333333333333334,0.5555555555555556
2,paired_reference,913,scc_06,0.6522038257784314,0.5843652817938063,0.9277777777777778,0.8333333333333334,0.6
2,paired_reference,914,scc_06,0.6488090773423513,0.5800536606046889,0.9277777777777778,0.8333333333333334,0.6666666666666666
2,paired_reference,915,scc_06,0.6532526837454902,0.6055580675601959,0.9444444444444444,0.8888888888888888,0.6
0,paired_reference,911,scc_07,0.6962155764593797,0.6386622400844798,0.925,0.8823529411764706,0.6764705882352942
0,paired_reference,912,scc_07,0.6952640040832407,0.6389073790872798,0.9338235294117647,0.8970588235294118,0.7
0,paired_reference,913,scc_07,0.6893030952004825,0.6278293202905094,0.9235294117647059,0.8676470588235294,0.7470588235294118
0,paired_reference,914,scc_07,0.692174084616058,0.6328191143624923,0.9176470588235294,0.8676470588235294,0.6823529411764706
0,paired_reference,915,scc_07,0.6946287678445087,0.635174176272224,0.9279411764705883,0.8676470588235294,0.7058823529411765
4,paired_reference,911,scc_08,0.6683694517612457,0.5848128378391266,0.79,0.6,0.72
4,paired_reference,912,scc_08,0.6584321802854538,0.5810189068317413,0.86,0.7,0.64
4,paired_reference,913,scc_08,0.6567742121219635,0.5780576229095459,0.8,0.7,0.68
4,paired_reference,914,scc_08,0.6316922700405121,0.5564655661582947,0.8,0.6,0.76
4,paired_reference,915,scc_08,0.659187816977501,0.5987342417240142,0.82,0.6,0.64
1,paired_reference,911,scc_09,0.6268465027513523,0.48547671062331044,0.8580645161290322,0.6774193548387096,0.7806451612903226
1,paired_reference,912,scc_09,0.6156927840618958,0.46434721879420743,0.8516129032258064,0.6451612903225806,0.7870967741935484
1,paired_reference,913,scc_09,0.610134308625974,0.4564567630689952,0.8580645161290322,0.6290322580645161,0.7806451612903226
1,paired_reference,914,scc_09,0.6239844460340758,0.4697509004223731,0.8548387096774194,0.6612903225806451,0.7870967741935484
1,paired_reference,915,scc_09,0.6139568479491337,0.4645942848536276,0.85,0.6290322580645161,0.832258064516129
0,paired_reference,911,scc_10,0.693929486721754,0.635634945333004,0.97,0.925,0.75
0,paired_reference,912,scc_10,0.7064593124389649,0.652445949614048,0.985,0.925,0.7
0,paired_reference,913,scc_10,0.706070227921009,0.6640641331672669,0.9875,0.975,0.78
0,paired_reference,914,scc_10,0.7024358503520489,0.6574028611183167,0.9725,0.925,0.78
0,paired_reference,915,scc_10,0.7004103338718415,0.6542520701885224,0.9825,0.95,0.64
0,paired_reference,911,scc_11,0.7273077138832638,0.6640569823128837,0.9392857142857143,0.8571428571428571,0.7428571428571429
0,paired_reference,912,scc_11,0.7309878947479385,0.6599920434611184,0.95,0.8571428571428571,0.5714285714285714
0,paired_reference,913,scc_11,0.7301654985972813,0.6611063054629734,0.9428571428571428,0.8571428571428571,0.5714285714285714
0,paired_reference,914,scc_11,0.7221534077610289,0.6493488869496754,0.9571428571428572,0.8928571428571429,0.6
0,paired_reference,915,scc_11,0.7281202520642962,0.657107453261103,0.9607142857142857,0.8928571428571429,0.5428571428571428
2,paired_reference,911,scc_12,0.7309908880487732,0.6484559301448904,0.95,0.9130434782608695,0.782608695652174
2,paired_reference,912,scc_12,0.7254218669041343,0.6467117952263873,0.9586956521739131,0.9130434782608695,0.8608695652173913
2,paired_reference,913,scc_12,0.7273409962006238,0.6542024450457614,0.9456521739130435,0.8913043478260869,0.7391304347826086
2,paired_reference,914,scc_12,0.7207174811674201,0.6331272008626357,0.9565217391304348,0.8478260869565217,0.808695652173913
2,paired_reference,915,scc_12,0.731046650591104,0.6510013419648876,0.9521739130434783,0.9130434782608695,0.8173913043478261
3,paired_reference,911,scc_13,0.7219035656614737,0.6473151093179529,0.9772727272727273,0.9318181818181818,0.7636363636363637
3,paired_reference,912,scc_13,0.7129355442794887,0.6350788257338784,0.9568181818181818,0.9090909090909091,0.7272727272727273
3,paired_reference,913,scc_13,0.7304986940188841,0.655475681478327,0.975,0.9090909090909091,0.6545454545454545
3,paired_reference,914,scc_13,0.7250222275202924,0.6386866610158574,0.9613636363636363,0.8636363636363636,0.7181818181818181
3,paired_reference,915,scc_13,0.7294128552079201,0.659474177794023,0.9772727272727273,0.9318181818181818,0.7
3,paired_reference,911,scc_14,0.7053353384137153,0.6426988318562508,1.0,1.0,0.65
3,paired_reference,912,scc_14,0.7165393196046352,0.6592354401946068,1.0,1.0,0.675
3,paired_reference,913,scc_14,0.7082487590610981,0.6457393243908882,1.0,1.0,0.7
3,paired_reference,914,scc_14,0.702812398225069,0.6278830170631409,1.0,1.0,0.7
3,paired_reference,915,scc_14,0.7041702620685101,0.6436848416924477,1.0,1.0,0.7
0,paired_reference,911,scc_15,0.7290986102819442,0.6421269516150157,0.8866666666666667,0.8,0.6933333333333334
0,paired_reference,912,scc_15,0.7354979085922241,0.6498872001965841,0.8833333333333333,0.8,0.7333333333333333
0,paired_reference,913,scc_15,0.7349762332439422,0.6478453954060872,0.8966666666666666,0.8,0.7866666666666666
0,paired_reference,914,scc_15,0.734612961212794,0.6510982652505238,0.8633333333333333,0.8,0.7066666666666667
0,paired_reference,915,scc_15,0.7289947674671808,0.6481249511241913,0.8833333333333333,0.8,0.7066666666666667
4,paired_reference,911,scc_16,0.7034589295425723,0.6309016673795639,0.9387096774193548,0.8870967741935484,0.7483870967741936
4,paired_reference,912,scc_16,0.697021575224015,0.636799402775303,0.95,0.8870967741935484,0.8
4,paired_reference,913,scc_16,0.7128822691017581,0.6446505756147446,0.9596774193548387,0.9032258064516129,0.7612903225806451
4,paired_reference,914,scc_16,0.6998183026429146,0.6374739504629566,0.9516129032258065,0.8870967741935484,0.7354838709677419
4,paired_reference,915,scc_16,0.6963154322678043,0.6186491424037565,0.9403225806451613,0.8870967741935484,0.7419354838709677
3,paired_reference,911,scc_17,0.7147445669299678,0.64468893251921,0.9763157894736842,0.9473684210526315,0.5894736842105263
3,paired_reference,912,scc_17,0.6990865848566357,0.6219608799407357,0.9631578947368421,0.9210526315789473,0.6947368421052632
3,paired_reference,913,scc_17,0.6944150676852778,0.6223915878095125,0.9736842105263158,0.9210526315789473,0.7578947368421053
3,paired_reference,914,scc_17,0.6958156612358595,0.6289080742158388,0.9605263157894737,0.8947368421052632,0.6736842105263158
3,paired_reference,915,scc_17,0.7028678792087655,0.6338185573879042,0.968421052631579,0.9210526315789473,0.7052631578947368
3,paired_reference,911,scc_18,0.6940819954872132,0.6374051928520202,0.97,0.9,0.81
3,paired_reference,912,scc_18,0.6985488831996918,0.6358573749661446,0.985,0.925,0.75
3,paired_reference,913,scc_18,0.7006451213359832,0.6471120148897171,0.985,0.95,0.79
3,paired_reference,914,scc_18,0.7036016064882279,0.6463437095284462,0.985,0.95,0.86
3,paired_reference,915,scc_18,0.6992756718397141,0.647413644194603,0.9825,0.95,0.77
4,paired_reference,911,scc_19,0.6516609279009012,0.5686660019251016,0.9769230769230769,0.8846153846153846,0.8461538461538461
4,paired_reference,912,scc_19,0.6632002715881055,0.5797846615314484,0.9615384615384616,0.8461538461538461,0.8153846153846154
4,paired_reference,913,scc_19,0.6691406428813934,0.596408296089906,0.9807692307692307,0.8846153846153846,0.8307692307692308
4,paired_reference,914,scc_19,0.6562709716650156,0.5678978447730725,0.9769230769230769,0.9230769230769231,0.8461538461538461
4,paired_reference,915,scc_19,0.6534655195016127,0.562404609643496,0.9576923076923077,0.8461538461538461,0.8
1,paired_reference,911,scc_20,0.7095578816804019,0.6307937448674982,0.9681818181818181,0.9090909090909091,0.7818181818181819
1,paired_reference,912,scc_20,0.7258212195201353,0.668045393445275,0.9772727272727273,0.9545454545454546,0.8363636363636363
1,paired_reference,913,scc_20,0.7141043852676044,0.6396682370792736,0.9818181818181818,0.9545454545454546,0.8363636363636363
1,paired_reference,914,scc_20,0.7071478003805334,0.6267807862975381,0.9772727272727273,0.9090909090909091,0.8
1,paired_reference,915,scc_20,0.7122885603796352,0.6247150274840269,0.9727272727272728,0.9090909090909091,0.8363636363636363
3,paired_reference,911,scc_21,0.6447117954492569,0.42273449897766113,1.0,1.0,1.0
3,paired_reference,912,scc_21,0.6030545145273208,0.3758295476436615,0.95,0.5,1.0
3,paired_reference,913,scc_21,0.6055201053619385,0.313532292842865,0.95,0.5,1.0
3,paired_reference,914,scc_21,0.6705165565013885,0.43869441747665405,1.0,1.0,1.0
3,paired_reference,915,scc_21,0.6277880668640137,0.3698906898498535,0.95,0.5,1.0
2,paired_reference,911,scc_22,0.6889208750291305,0.6017262488603592,0.8795454545454545,0.7727272727272727,0.7909090909090909
2,paired_reference,912,scc_22,0.6890392964536494,0.6106016730720346,0.8681818181818182,0.75,0.8090909090909091
2,paired_reference,913,scc_22,0.6877865519035946,0.6063075702298771,0.8545454545454545,0.7727272727272727,0.8818181818181818
2,paired_reference,914,scc_22,0.6909979844635183,0.6098197495395487,0.8909090909090909,0.8181818181818182,0.8363636363636363
2,paired_reference,915,scc_22,0.6900806577368216,0.6107931340282614,0.8704545454545455,0.7954545454545454,0.8272727272727273
1,paired_reference,911,scc_23,0.7467033008734385,0.6684295038382212,1.0,1.0,0.6333333333333333
1,paired_reference,912,scc_23,0.7396767983833948,0.6603994866212209,1.0,1.0,0.7
1,paired_reference,913,scc_23,0.7455193767944972,0.6806799074014028,1.0,1.0,0.6333333333333333
1,paired_reference,914,scc_23,0.7398154929280281,0.6601496785879135,1.0,1.0,0.5333333333333333
1,paired_reference,915,scc_23,0.7551401515801748,0.6765165527661642,1.0,1.0,0.7333333333333333
2,paired_reference,911,scc_24,0.6885420745238662,0.6488136723637581,0.978125,0.9375,0.6375
2,paired_reference,912,scc_24,0.6969379551708699,0.6520628370344639,0.98125,0.9375,0.5875
2,paired_reference,913,scc_24,0.6839275069534778,0.6395269744098186,0.98125,0.9375,0.7125
2,paired_reference,914,scc_24,0.691183284856379,0.6567730009555817,0.984375,0.90625,0.675
2,paired_reference,915,scc_24,0.6821837352588773,0.6406108252704144,0.978125,0.90625,0.6625
4,paired_reference,911,scc_25,0.7220443949103356,0.6561723755938667,0.9892857142857143,0.9642857142857143,0.8285714285714286
4,paired_reference,912,scc_25,0.711943595962865,0.636042098913874,0.9857142857142858,0.9285714285714286,0.7857142857142857
4,paired_reference,913,scc_25,0.7189990686518806,0.6436262960944857,0.9857142857142858,0.9642857142857143,0.7428571428571429
4,paired_reference,914,scc_25,0.7182651768837657,0.6278937799589974,0.9928571428571429,0.9642857142857143,0.7571428571428571
4,paired_reference,915,scc_25,0.7132288494280407,0.631154756460871,0.9928571428571429,0.9285714285714286,0.7428571428571429
1,paired_reference,911,scc_26,0.7102714200814565,0.6439499344144549,0.9619047619047619,0.9285714285714286,0.7047619047619048
1,paired_reference,912,scc_26,0.7219485115437281,0.6512950559457144,0.9761904761904762,0.9523809523809523,0.7333333333333333
1,paired_reference,913,scc_26,0.7207919044154031,0.6491280950251079,0.9714285714285714,0.9285714285714286,0.7238095238095238
1,paired_reference,914,scc_26,0.7037695185059593,0.6388669737747737,0.9642857142857143,0.9047619047619048,0.6666666666666666
1,paired_reference,915,scc_26,0.715933877655438,0.6591329943566095,0.969047619047619,0.9523809523809523,0.6761904761904762
4,paired_reference,911,scc_27,0.707342223988639,0.6340586940447489,1.0,1.0,0.8
4,paired_reference,912,scc_27,0.7175843781895108,0.6487115621566772,1.0,1.0,0.8
4,paired_reference,913,scc_27,0.7183494018183814,0.6472537318865458,0.9888888888888889,0.8888888888888888,0.7555555555555555
4,paired_reference,914,scc_27,0.7202215588755078,0.6393437849150764,1.0,1.0,0.6888888888888889
4,paired_reference,915,scc_27,0.7285401566161049,0.6643784443537394,1.0,1.0,0.8666666666666667
4,paired_reference,911,scc_28,0.6695299098124871,0.5874976882567773,0.9923076923076923,0.9230769230769231,0.7846153846153846
4,paired_reference,912,scc_28,0.6571183691804225,0.5801139978262094,0.9923076923076923,0.9230769230769231,0.8307692307692308
4,paired_reference,913,scc_28,0.6533061495194068,0.5667729859168713,0.9961538461538462,0.9615384615384616,0.7538461538461538
4,paired_reference,914,scc_28,0.6601957188202785,0.5782653872783368,0.9923076923076923,0.9230769230769231,0.7538461538461538
4,paired_reference,915,scc_28,0.6616768768200507,0.5975643854874831,0.9923076923076923,0.9230769230769231,0.7230769230769231
3,paired_reference,911,scc_29,0.6498438225801174,0.579814939544751,0.9030769230769231,0.823076923076923,0.8461538461538461
3,paired_reference,912,scc_29,0.6463084312356435,0.5874796353853666,0.916923076923077,0.8615384615384616,0.8307692307692308
3,paired_reference,913,scc_29,0.649865696315582,0.5954449025484232,0.9253846153846154,0.8846153846153846,0.8246153846153846
3,paired_reference,914,scc_29,0.6606131319357799,0.592580683185504,0.9161538461538462,0.8461538461538461,0.8369230769230769
3,paired_reference,915,scc_29,0.6604946950765757,0.5940473733040003,0.9046153846153846,0.8153846153846154,0.7815384615384615
3,paired_reference,911,scc_30,0.687451297044754,0.5811585128307343,0.96,0.9,0.7
3,paired_reference,912,scc_30,0.6771899241209031,0.5589806109666824,0.965,0.9,0.82
3,paired_reference,913,scc_30,0.6789287143945694,0.5637135446071625,0.955,0.85,0.68
3,paired_reference,914,scc_30,0.6716065567731857,0.5642703384160995,0.97,0.9,0.74
3,paired_reference,915,scc_30,0.6806726810336113,0.5797608971595765,0.955,0.85,0.68
0,paired_reference,911,scc_31,0.7991424274060034,0.7700666794853825,0.8241935483870968,0.7258064516129032,0.6774193548387096
0,paired_reference,912,scc_31,0.8034717604037254,0.7801925693788836,0.8516129032258064,0.8064516129032258,0.6451612903225806
0,paired_reference,913,scc_31,0.7982052425223012,0.7762626178802983,0.8661290322580645,0.8064516129032258,0.7935483870967742
0,paired_reference,914,scc_31,0.796115596159812,0.7642788156386344,0.8435483870967742,0.7741935483870968,0.6645161290322581
0,paired_reference,915,scc_31,0.7958009698698597,0.765848825054784,0.8548387096774194,0.7741935483870968,0.7161290322580646
1,paired_reference,911,scc_32,0.6647173838876188,0.5087524734437465,0.9025,0.775,0.72
1,paired_reference,912,scc_32,0.6702671234495938,0.5406658038496971,0.915,0.8,0.76
1,paired_reference,913,scc_32,0.669838202027604,0.5156312997452914,0.9075,0.775,0.67
1,paired_reference,914,scc_32,0.6636135844234378,0.5182516753673554,0.9125,0.8,0.69
1,paired_reference,915,scc_32,0.6628982367366553,0.5034489940851927,0.925,0.825,0.77
4,paired_reference,911,scc_33,0.7059341020204805,0.6157516891306097,0.9795454545454545,0.9318181818181818,0.8363636363636363
4,paired_reference,912,scc_33,0.7030598164959387,0.6177335977554321,0.9727272727272728,0.9090909090909091,0.8181818181818182
4,paired_reference,913,scc_33,0.6994094314900312,0.6127188517288729,0.9772727272727273,0.9318181818181818,0.8363636363636363
4,paired_reference,914,scc_33,0.7013328762217002,0.6246636482802305,0.9863636363636363,0.9545454545454546,0.8363636363636363
4,paired_reference,915,scc_33,0.6997565123167905,0.6150663833726536,0.9772727272727273,0.9318181818181818,0.8272727272727273
1,paired_reference,911,scc_34,0.7133987415581942,0.639357715845108,0.98125,0.9375,0.725
1,paired_reference,912,scc_34,0.7285154748708009,0.631272729486227,0.98125,0.875,0.75
1,paired_reference,913,scc_34,0.714066393300891,0.6183225847780704,0.9625,0.875,0.725
1,paired_reference,914,scc_34,0.707276501134038,0.6241883896291256,0.975,0.875,0.75
1,paired_reference,915,scc_34,0.7149105820804834,0.6371622942388058,0.98125,0.9375,0.675
4,paired_reference,911,scc_35,0.741928384701411,0.6960805853207906,1.0,1.0,0.8
4,paired_reference,912,scc_35,0.7199712077776591,0.6748040517171224,1.0,1.0,0.7333333333333333
4,paired_reference,913,scc_35,0.748055781920751,0.7024537722269694,1.0,1.0,0.7333333333333333
4,paired_reference,914,scc_35,0.7301230331261953,0.6788529356320699,1.0,1.0,0.6
4,paired_reference,915,scc_35,0.7318708936373393,0.6646767059961954,1.0,1.0,0.8666666666666667
2,paired_reference,911,scc_36,0.7083255290985108,0.6325266748666764,0.985,0.925,0.79
2,paired_reference,912,scc_36,0.695557559505105,0.6206135384738445,0.985,0.95,0.81
2,paired_reference,913,scc_36,0.6932017982006073,0.6172242194414139,0.99,0.975,0.81
2,paired_reference,914,scc_36,0.6938182555139065,0.620569571852684,0.9875,0.95,0.79
2,paired_reference,915,scc_36,0.7018478804826737,0.6255939945578575,0.9925,0.975,0.76
2,paired_reference,911,scc_37,0.6861249259540013,0.601447480065482,1.0,1.0,0.6857142857142857
2,paired_reference,912,scc_37,0.688941501719611,0.6091792072568621,1.0,1.0,0.8
2,paired_reference,913,scc_37,0.6941794088908604,0.6291751265525818,1.0,1.0,0.7428571428571429
2,paired_reference,914,scc_37,0.689343786239624,0.6078919087137494,0.9928571428571429,0.9285714285714286,0.7428571428571429
2,paired_reference,915,scc_37,0.6785786833081927,0.5750123943601336,1.0,1.0,0.7714285714285715
1,paired_reference,911,scc_38,0.7104263461553133,0.6184172859558692,0.9788461538461538,0.9423076923076923,0.8384615384615385
1,paired_reference,912,scc_38,0.7001770233878722,0.6035366276135812,0.9673076923076923,0.9230769230769231,0.7769230769230769
1,paired_reference,913,scc_38,0.7115619174562968,0.6248762917060119,0.9807692307692307,0.9423076923076923,0.8
1,paired_reference,914,scc_38,0.7062269599964985,0.6143834860279009,0.975,0.9423076923076923,0.7769230769230769
1,paired_reference,915,scc_38,0.707617816214378,0.6188815201704319,0.9711538461538461,0.9230769230769231,0.8
1,paired_reference,911,scc_39,0.7119143026570479,0.6253881578644117,0.9666666666666667,0.875,0.8166666666666667
1,paired_reference,912,scc_39,0.7180550302068393,0.6144270151853561,0.9666666666666667,0.875,0.7666666666666667
1,paired_reference,913,scc_39,0.7094713449478149,0.603316160539786,0.9666666666666667,0.875,0.7666666666666667
1,paired_reference,914,scc_39,0.7130467782417933,0.629249153037866,0.9625,0.875,0.7166666666666667
1,paired_reference,915,scc_39,0.7141107812523841,0.6207724759976069,0.9458333333333333,0.875,0.7166666666666667
2,paired_reference,911,scc_40,0.6936306208372116,0.6106807440519333,1.0,1.0,0.65
2,paired_reference,912,scc_40,0.6734563767910003,0.5833503752946854,0.9875,0.875,0.65
2,paired_reference,913,scc_40,0.6923265367746353,0.6068255305290222,1.0,1.0,0.6
2,paired_reference,914,scc_40,0.6815429754555226,0.6116532906889915,1.0,1.0,0.65
2,paired_reference,915,scc_40,0.6959377661347389,0.6233458817005157,1.0,1.0,0.6
2,paired_reference,911,scc_41,0.7508480477333069,0.6717122793197632,1.0,1.0,0.68
2,paired_reference,912,scc_41,0.7630818605422973,0.6869103908538818,1.0,1.0,0.68
2,paired_reference,913,scc_41,0.7575596022605896,0.6676004767417908,1.0,1.0,0.72
2,paired_reference,914,scc_41,0.7560637056827545,0.6810186982154847,1.0,1.0,0.8
2,paired_reference,915,scc_41,0.758738979101181,0.6664361476898193,1.0,1.0,0.52
3,paired_reference,911,scc_42,0.7153903075626918,0.6470334359577724,1.0,1.0,0.6
3,paired_reference,912,scc_42,0.7253962976591928,0.6523336086954389,1.0,1.0,0.6571428571428571
3,paired_reference,913,scc_42,0.7376356959342957,0.6601900884083339,1.0,1.0,0.6571428571428571
3,paired_reference,914,scc_42,0.7217573591641018,0.6514588253838676,1.0,1.0,0.6571428571428571
3,paired_reference,915,scc_42,0.7289090241704669,0.6629176565579006,1.0,1.0,0.5714285714285714
4,paired_reference,911,scc_43,0.6869925141823097,0.6166245062820247,0.8360655737704918,0.6967213114754098,0.7836065573770492
4,paired_reference,912,scc_43,0.6880623216511773,0.6232164477715727,0.828688524590164,0.7213114754098361,0.7967213114754098
4,paired_reference,913,scc_43,0.6854582811965317,0.6181343657071473,0.8418032786885246,0.7049180327868853,0.780327868852459
4,paired_reference,914,scc_43,0.6859513108847571,0.61719625968425,0.8491803278688524,0.7213114754098361,0.7508196721311475
4,paired_reference,915,scc_43,0.687974839816328,0.6272042857818916,0.8377049180327869,0.7295081967213115,0.7836065573770492
0,paired_reference,911,scc_44,0.6901300025837762,0.6098565267665046,0.8964285714285715,0.7857142857142857,0.7714285714285715
0,paired_reference,912,scc_44,0.6846857302955218,0.6058743574789592,0.875,0.8214285714285714,0.9428571428571428
0,paired_reference,913,scc_44,0.701124206823962,0.6288102056298938,0.8535714285714285,0.7857142857142857,0.7857142857142857
0,paired_reference,914,scc_44,0.6909323988216264,0.6019733761038099,0.8892857142857142,0.7857142857142857,0.8285714285714286
0,paired_reference,915,scc_44,0.687654846055167,0.6069187883819852,0.9178571428571428,0.7857142857142857,0.8142857142857143
3,pathoalign_dep20,911,scc_01,0.7225564427673816,0.595813013613224,0.9375,0.75,0.45
3,pathoalign_dep20,912,scc_01,0.7372280985116959,0.5850892141461372,0.9375,0.75,0.35
3,pathoalign_dep20,913,scc_01,0.7533310927450657,0.6230291277170181,0.975,0.875,0.3
3,pathoalign_dep20,914,scc_01,0.7420985899865628,0.5922091379761696,0.95,0.75,0.35
3,pathoalign_dep20,915,scc_01,0.7584510892629623,0.6415512040257454,0.9875,0.875,0.25
0,pathoalign_dep20,911,scc_02,0.7332309583822886,0.6421672966745164,1.0,1.0,0.37777777777777777
0,pathoalign_dep20,912,scc_02,0.7285892774661382,0.630644679069519,0.9944444444444445,0.9444444444444444,0.3333333333333333
0,pathoalign_dep20,913,scc_02,0.7411001443862915,0.6630100276735094,0.9944444444444445,0.9444444444444444,0.3333333333333333
0,pathoalign_dep20,914,scc_02,0.7126662496063444,0.6093674434555901,1.0,1.0,0.24444444444444444
0,pathoalign_dep20,915,scc_02,0.7250065250529183,0.6123385628064474,1.0,1.0,0.26666666666666666
1,pathoalign_dep20,911,scc_03,0.7470089596730691,0.6857427822219001,0.9666666666666667,0.9074074074074074,0.36666666666666664
1,pathoalign_dep20,912,scc_03,0.747016950448354,0.688947249893789,0.9546296296296296,0.9259259259259259,0.3111111111111111
1,pathoalign_dep20,913,scc_03,0.7494234661261241,0.6955590375043728,0.9537037037037037,0.8888888888888888,0.3851851851851852
1,pathoalign_dep20,914,scc_03,0.7443397343710617,0.6795804329492428,0.9703703703703703,0.9166666666666666,0.4074074074074074
1,pathoalign_dep20,915,scc_03,0.7447254186427151,0.6911454090365657,0.9629629629629629,0.9166666666666666,0.37777777777777777
0,pathoalign_dep20,911,scc_04,0.6543317471231733,0.575440376996994,0.9714285714285714,0.8571428571428571,0.4
0,pathoalign_dep20,912,scc_04,0.6604516846793038,0.5694300191743034,0.9928571428571429,0.9285714285714286,0.4
0,pathoalign_dep20,913,scc_04,0.6358898601361683,0.5417330052171435,1.0,1.0,0.42857142857142855
0,pathoalign_dep20,914,scc_04,0.6209555004324232,0.5297452850001199,0.9857142857142858,0.9285714285714286,0.4
0,pathoalign_dep20,915,scc_04,0.6641669000898088,0.5646752161639077,0.9928571428571429,0.9285714285714286,0.3142857142857143
2,pathoalign_dep20,911,scc_05,0.6966701116317358,0.651308101721299,0.841025641025641,0.7051282051282052,0.36923076923076925
2,pathoalign_dep20,912,scc_05,0.6954035498392888,0.6449011189815326,0.8243589743589743,0.717948717948718,0.3641025641025641
2,pathoalign_dep20,913,scc_05,0.6932926636857865,0.6391736215505844,0.8487179487179487,0.717948717948718,0.3384615384615385
2,pathoalign_dep20,914,scc_05,0.7033472717572481,0.655769672913429,0.8589743589743589,0.6923076923076923,0.31794871794871793
2,pathoalign_dep20,915,scc_05,0.7014028746730242,0.6595370440911024,0.8512820512820513,0.717948717948718,0.36923076923076925
2,pathoalign_dep20,911,scc_06,0.6690261014633708,0.597748855749766,0.9166666666666666,0.7777777777777778,0.3111111111111111
2,pathoalign_dep20,912,scc_06,0.656776025891304,0.5911135375499725,0.9277777777777778,0.8333333333333334,0.2222222222222222
2,pathoalign_dep20,913,scc_06,0.6611164871189329,0.5818638470437791,0.9444444444444444,0.8333333333333334,0.3333333333333333
2,pathoalign_dep20,914,scc_06,0.6618781752056546,0.5895751880274879,0.9166666666666666,0.8333333333333334,0.37777777777777777
2,pathoalign_dep20,915,scc_06,0.6764131135410733,0.5950489607122209,0.9222222222222223,0.7777777777777778,0.26666666666666666
0,pathoalign_dep20,911,scc_07,0.7273689696893972,0.6578839675468557,0.9338235294117647,0.8823529411764706,0.37058823529411766
0,pathoalign_dep20,912,scc_07,0.728976494775099,0.6675373745315215,0.9352941176470588,0.8970588235294118,0.38235294117647056
0,pathoalign_dep20,913,scc_07,0.7273771359640009,0.6647821068763733,0.9264705882352942,0.8382352941176471,0.37058823529411766
0,pathoalign_dep20,914,scc_07,0.7158361045753254,0.6498279694248649,0.9220588235294118,0.8823529411764706,0.4
0,pathoalign_dep20,915,scc_07,0.7306622740100411,0.6593748970943338,0.9323529411764706,0.8970588235294118,0.40588235294117647
4,pathoalign_dep20,911,scc_08,0.6852443325519562,0.6072405219078064,0.78,0.6,0.2
4,pathoalign_dep20,912,scc_08,0.6999977099895477,0.6154720544815063,0.88,0.7,0.44
4,pathoalign_dep20,913,scc_08,0.6853326863050461,0.6158496320247651,0.84,0.7,0.56
4,pathoalign_dep20,914,scc_08,0.6835191184282303,0.5974245190620422,0.87,0.7,0.4
4,pathoalign_dep20,915,scc_08,0.6900789731740952,0.6373238921165466,0.84,0.7,0.52
1,pathoalign_dep20,911,scc_09,0.6768263536655614,0.5279077092606214,0.8467741935483871,0.6612903225806451,0.38064516129032255
1,pathoalign_dep20,912,scc_09,0.6568297635223116,0.5011162870833951,0.8516129032258064,0.6612903225806451,0.38064516129032255
1,pathoalign_dep20,913,scc_09,0.6611000817930025,0.5125580693204557,0.8596774193548387,0.6612903225806451,0.4064516129032258
1,pathoalign_dep20,914,scc_09,0.6641930794283267,0.5029620004877928,0.8612903225806452,0.6935483870967742,0.36129032258064514
1,pathoalign_dep20,915,scc_09,0.6582759013880164,0.496358678946572,0.8370967741935483,0.6612903225806451,0.4129032258064516
0,pathoalign_dep20,911,scc_10,0.7348248921334743,0.6768758356571197,0.98,0.925,0.34
0,pathoalign_dep20,912,scc_10,0.7312612828612327,0.6707165971398353,0.975,0.925,0.35
0,pathoalign_dep20,913,scc_10,0.7470776391029358,0.6846961289644241,0.9825,0.925,0.33
0,pathoalign_dep20,914,scc_10,0.7342427957057953,0.6715392813086509,0.9875,0.95,0.35
0,pathoalign_dep20,915,scc_10,0.7485598134994507,0.691859683394432,0.9925,0.975,0.3
0,pathoalign_dep20,911,scc_11,0.755121026294572,0.6805493363312313,0.9571428571428572,0.8571428571428571,0.3142857142857143
0,pathoalign_dep20,912,scc_11,0.7528077940855707,0.6719051876238414,0.9678571428571429,0.8571428571428571,0.38571428571428573
0,pathoalign_dep20,913,scc_11,0.7535250450883593,0.6634514267955508,0.9464285714285714,0.8928571428571429,0.35714285714285715
0,pathoalign_dep20,914,scc_11,0.7388851170028959,0.6602123230695724,0.9464285714285714,0.8571428571428571,0.32857142857142857
0,pathoalign_dep20,915,scc_11,0.7537273898720741,0.6798679849931172,0.9535714285714286,0.8571428571428571,0.34285714285714286
2,pathoalign_dep20,911,scc_12,0.7739070464735446,0.6951718200807986,0.9478260869565217,0.8913043478260869,0.3565217391304348
2,pathoalign_dep20,912,scc_12,0.7644736186317775,0.6797578840152078,0.9478260869565217,0.8913043478260869,0.3826086956521739
2,pathoalign_dep20,913,scc_12,0.7692999448465264,0.6872825752133909,0.9608695652173913,0.8913043478260869,0.3826086956521739
2,pathoalign_dep20,914,scc_12,0.7671886648820794,0.678471212801726,0.9608695652173913,0.8913043478260869,0.3217391304347826
2,pathoalign_dep20,915,scc_12,0.7626889165328896,0.6739929914474487,0.9434782608695652,0.8478260869565217,0.3739130434782609
3,pathoalign_dep20,911,scc_13,0.7451716016639363,0.6670048832893372,0.9568181818181818,0.8409090909090909,0.35454545454545455
3,pathoalign_dep20,912,scc_13,0.7521746756000952,0.6820258769122037,0.9727272727272728,0.9090909090909091,0.34545454545454546
3,pathoalign_dep20,913,scc_13,0.7587048464200713,0.6879883381453428,0.9659090909090909,0.8863636363636364,0.34545454545454546
3,pathoalign_dep20,914,scc_13,0.7621477994051846,0.6847748458385468,0.9681818181818181,0.9318181818181818,0.2909090909090909
3,pathoalign_dep20,915,scc_13,0.7567099114710635,0.6920413429086859,0.9772727272727273,0.9318181818181818,0.24545454545454545
3,pathoalign_dep20,911,scc_14,0.7556058187037706,0.681194718927145,1.0,1.0,0.35
3,pathoalign_dep20,912,scc_14,0.7457405634224414,0.7002166509628296,1.0,1.0,0.3
3,pathoalign_dep20,913,scc_14,0.7444687597453594,0.6841961815953255,1.0,1.0,0.425
3,pathoalign_dep20,914,scc_14,0.7531425900757313,0.6970664486289024,1.0,1.0,0.3
3,pathoalign_dep20,915,scc_14,0.7567836590111255,0.7039469256997108,1.0,1.0,0.3
0,pathoalign_dep20,911,scc_15,0.7660917349656423,0.6857365369796753,0.89,0.8,0.4533333333333333
0,pathoalign_dep20,912,scc_15,0.7659052964051565,0.679245243469874,0.8966666666666666,0.8,0.29333333333333333
0,pathoalign_dep20,913,scc_15,0.756302836338679,0.6601857701937358,0.91,0.7666666666666667,0.29333333333333333
0,pathoalign_dep20,914,scc_15,0.7697813002268473,0.6825424551963806,0.9033333333333333,0.8,0.41333333333333333
0,pathoalign_dep20,915,scc_15,0.7589445245265961,0.6736913283665975,0.9066666666666666,0.8333333333333334,0.4266666666666667
4,pathoalign_dep20,911,scc_16,0.7393870364273748,0.6716663577864247,0.9596774193548387,0.9032258064516129,0.3548387096774194
4,pathoalign_dep20,912,scc_16,0.7301743255507561,0.6662721480092695,0.9532258064516129,0.8870967741935484,0.3548387096774194
4,pathoalign_dep20,913,scc_16,0.7387970093757875,0.6723643195244574,0.964516129032258,0.9193548387096774,0.34838709677419355
4,pathoalign_dep20,914,scc_16,0.7395353354753986,0.6780071258544922,0.967741935483871,0.9193548387096774,0.4064516129032258
4,pathoalign_dep20,915,scc_16,0.7391877551232615,0.6653819853259672,0.9532258064516129,0.9032258064516129,0.3741935483870968
3,pathoalign_dep20,911,scc_17,0.7455629058574376,0.677351641027551,0.9789473684210527,0.9473684210526315,0.28421052631578947
3,pathoalign_dep20,912,scc_17,0.7381757773851093,0.6651996232961354,0.9736842105263158,0.9473684210526315,0.30526315789473685
3,pathoalign_dep20,913,scc_17,0.728686104009026,0.6579580432490298,0.9736842105263158,0.9210526315789473,0.29473684210526313
3,pathoalign_dep20,914,scc_17,0.7382882511929462,0.6731649323513633,0.9736842105263158,0.9210526315789473,0.30526315789473685
3,pathoalign_dep20,915,scc_17,0.7427378712516082,0.678400540038159,0.968421052631579,0.9210526315789473,0.3157894736842105
3,pathoalign_dep20,911,scc_18,0.7347425280511379,0.6807659059762955,0.9775,0.925,0.46
3,pathoalign_dep20,912,scc_18,0.7329226666688919,0.6735745400190354,0.9875,0.95,0.35
3,pathoalign_dep20,913,scc_18,0.739895304441452,0.6862100541591645,0.9925,0.975,0.4
3,pathoalign_dep20,914,scc_18,0.7288819617033004,0.6754775166511535,0.9775,0.9,0.42
3,pathoalign_dep20,915,scc_18,0.7391644622385501,0.7001533746719361,0.995,0.975,0.32
4,pathoalign_dep20,911,scc_19,0.700654395039265,0.6038901897577139,0.9461538461538461,0.8461538461538461,0.47692307692307695
4,pathoalign_dep20,912,scc_19,0.6962632339734297,0.6076462887800657,0.9615384615384616,0.8846153846153846,0.4307692307692308
4,pathoalign_dep20,913,scc_19,0.696690650169666,0.6106302692339971,0.9769230769230769,0.9230769230769231,0.5230769230769231
4,pathoalign_dep20,914,scc_19,0.6950341073366312,0.5998561015495887,0.9692307692307692,0.9230769230769231,0.38461538461538464
4,pathoalign_dep20,915,scc_19,0.6990859712545688,0.6060804357895484,0.9692307692307692,0.8846153846153846,0.38461538461538464
1,pathoalign_dep20,911,scc_20,0.7563765157352794,0.6802091923626986,0.9863636363636363,0.9545454545454546,0.38181818181818183
1,pathoalign_dep20,912,scc_20,0.7595934813672846,0.7021345550363715,0.9681818181818181,0.9090909090909091,0.3090909090909091
1,pathoalign_dep20,913,scc_20,0.7564690839160573,0.6941458203575828,0.9818181818181818,0.9545454545454546,0.38181818181818183
1,pathoalign_dep20,914,scc_20,0.7462407724423842,0.6654063192280856,0.9818181818181818,0.9090909090909091,0.34545454545454546
1,pathoalign_dep20,915,scc_20,0.7597554250196977,0.6783092997290872,0.9772727272727273,0.9545454545454546,0.4
3,pathoalign_dep20,911,scc_21,0.6419691860675811,0.3989729881286621,1.0,1.0,0.6
3,pathoalign_dep20,912,scc_21,0.6376271694898605,0.38148629665374756,0.85,0.0,0.4
3,pathoalign_dep20,913,scc_21,0.6880069851875306,0.5162039399147034,1.0,1.0,0.4
3,pathoalign_dep20,914,scc_21,0.7290684640407562,0.5175290703773499,1.0,1.0,0.6
3,pathoalign_dep20,915,scc_21,0.7067749917507171,0.4823680520057678,1.0,1.0,0.2
2,pathoalign_dep20,911,scc_22,0.7305265566164797,0.6368752243843946,0.884090909090909,0.7954545454545454,0.2909090909090909
2,pathoalign_dep20,912,scc_22,0.7310390762307427,0.6565129079601981,0.8795454545454545,0.8181818181818182,0.36363636363636365
2,pathoalign_dep20,913,scc_22,0.7242353821342642,0.6369535624980927,0.875,0.7727272727272727,0.36363636363636365
2,pathoalign_dep20,914,scc_22,0.7309667500582608,0.6494819250973788,0.9,0.8181818181818182,0.38181818181818183
2,pathoalign_dep20,915,scc_22,0.7299106790260835,0.6520195522091605,0.8636363636363636,0.7727272727272727,0.4
1,pathoalign_dep20,911,scc_23,0.7808871001005173,0.709957093000412,1.0,1.0,0.36666666666666664
1,pathoalign_dep20,912,scc_23,0.7835803727308909,0.7177452147006989,1.0,1.0,0.4
1,pathoalign_dep20,913,scc_23,0.7952962597211202,0.7337045768896738,1.0,1.0,0.5
1,pathoalign_dep20,914,scc_23,0.7700412372748057,0.7066661318143209,1.0,1.0,0.26666666666666666
1,pathoalign_dep20,915,scc_23,0.7775901804367701,0.7099274297555288,1.0,1.0,0.26666666666666666
2,pathoalign_dep20,911,scc_24,0.7228071369230747,0.6845146007835865,0.990625,0.96875,0.375
2,pathoalign_dep20,912,scc_24,0.726321374066174,0.6791413351893425,0.984375,0.9375,0.3375
2,pathoalign_dep20,913,scc_24,0.7192350711673499,0.6681152619421482,0.978125,0.9375,0.3625
2,pathoalign_dep20,914,scc_24,0.7220047373324633,0.6746467612683773,0.99375,0.96875,0.3
2,pathoalign_dep20,915,scc_24,0.721416980214417,0.6746599115431309,0.984375,0.9375,0.4125
4,pathoalign_dep20,911,scc_25,0.7676332426922662,0.7090143476213727,0.9928571428571429,0.9285714285714286,0.3142857142857143
4,pathoalign_dep20,912,scc_25,0.7689799023526055,0.7045180137668338,0.9857142857142858,0.9285714285714286,0.35714285714285715
4,pathoalign_dep20,913,scc_25,0.7619390059794698,0.6943244870219912,0.9892857142857143,0.9285714285714286,0.3142857142857143
4,pathoalign_dep20,914,scc_25,0.765813171012061,0.6922570317983627,0.9892857142857143,0.9642857142857143,0.37142857142857144
4,pathoalign_dep20,915,scc_25,0.7539942047425678,0.6937454023531505,0.9964285714285714,0.9642857142857143,0.35714285714285715
1,pathoalign_dep20,911,scc_26,0.7325497962179638,0.6677913580621991,0.9595238095238096,0.9285714285714286,0.34285714285714286
1,pathoalign_dep20,912,scc_26,0.7257233738899231,0.6525611749717167,0.9785714285714285,0.9285714285714286,0.3904761904761905
1,pathoalign_dep20,913,scc_26,0.7361107753855841,0.651823878288269,0.9571428571428572,0.9285714285714286,0.2761904761904762
1,pathoalign_dep20,914,scc_26,0.7216313929784866,0.6415662311372303,0.9547619047619048,0.9047619047619048,0.38095238095238093
1,pathoalign_dep20,915,scc_26,0.7429273989938554,0.6858579062280201,0.9714285714285714,0.9523809523809523,0.3142857142857143
4,pathoalign_dep20,911,scc_27,0.7449525038401286,0.6548231508996751,1.0,1.0,0.35555555555555557
4,pathoalign_dep20,912,scc_27,0.7343537525998222,0.6643473969565498,0.9944444444444445,0.9444444444444444,0.28888888888888886
4,pathoalign_dep20,913,scc_27,0.7480240613222122,0.6747715075810751,1.0,1.0,0.4666666666666667
4,pathoalign_dep20,914,scc_27,0.741507148080402,0.6521474619706472,1.0,1.0,0.4444444444444444
4,pathoalign_dep20,915,scc_27,0.7491466846730974,0.6600975460476346,1.0,1.0,0.28888888888888886
4,pathoalign_dep20,911,scc_28,0.7095273049978109,0.6461458802223206,0.9923076923076923,0.9230769230769231,0.35384615384615387
4,pathoalign_dep20,912,scc_28,0.6792282732633445,0.5952414526389196,1.0,1.0,0.3230769230769231
4,pathoalign_dep20,913,scc_28,0.7012620228987474,0.6212992301354041,0.9961538461538462,0.9615384615384616,0.4
4,pathoalign_dep20,914,scc_28,0.6874025172912157,0.5906686049241286,0.9961538461538462,0.9615384615384616,0.2923076923076923
4,pathoalign_dep20,915,scc_28,0.6847667120970212,0.6155079557345464,0.9923076923076923,0.9230769230769231,0.35384615384615387
3,pathoalign_dep20,911,scc_29,0.6868973199220804,0.6080504791094706,0.9146153846153846,0.8307692307692308,0.35384615384615387
3,pathoalign_dep20,912,scc_29,0.6963038896138851,0.6298282153331316,0.9284615384615384,0.8923076923076924,0.3507692307692308
3,pathoalign_dep20,913,scc_29,0.6897932337109859,0.6192387867432374,0.9092307692307692,0.823076923076923,0.39384615384615385
3,pathoalign_dep20,914,scc_29,0.6954501123840993,0.6145091918798593,0.9215384615384615,0.8461538461538461,0.37846153846153846
3,pathoalign_dep20,915,scc_29,0.7001881855955491,0.6267009592973269,0.91,0.8153846153846154,0.3723076923076923
3,pathoalign_dep20,911,scc_30,0.7202692463994026,0.5825180351734162,0.965,0.9,0.32
3,pathoalign_dep20,912,scc_30,0.7060490733385086,0.5687690019607544,0.965,0.9,0.34
3,pathoalign_dep20,913,scc_30,0.7240053081512451,0.6001910507678986,0.96,0.9,0.32
3,pathoalign_dep20,914,scc_30,0.7247290313243866,0.6166531980037689,0.965,0.9,0.42
3,pathoalign_dep20,915,scc_30,0.717562495470047,0.5926742732524872,0.945,0.85,0.4
0,pathoalign_dep20,911,scc_31,0.8246735294019022,0.7959734778250417,0.832258064516129,0.7741935483870968,0.36129032258064514
0,pathoalign_dep20,912,scc_31,0.8281008534854458,0.7998480258449432,0.8516129032258064,0.7580645161290323,0.36774193548387096
0,pathoalign_dep20,913,scc_31,0.8237536955264306,0.8001305249429518,0.867741935483871,0.7580645161290323,0.2903225806451613
0,pathoalign_dep20,914,scc_31,0.8147423596151413,0.7871750516276206,0.8467741935483871,0.7580645161290323,0.33548387096774196
0,pathoalign_dep20,915,scc_31,0.8226853857117314,0.797687743940661,0.867741935483871,0.7903225806451613,0.36129032258064514
1,pathoalign_dep20,911,scc_32,0.6938750968035311,0.5308880623430013,0.905,0.775,0.32
1,pathoalign_dep20,912,scc_32,0.6868304383475333,0.5336112934164703,0.9,0.775,0.36
1,pathoalign_dep20,913,scc_32,0.7013327267114073,0.549946797452867,0.9275,0.775,0.39
1,pathoalign_dep20,914,scc_32,0.6878634137194604,0.5294932470656931,0.9175,0.8,0.43
1,pathoalign_dep20,915,scc_32,0.6984480077773333,0.5323659082874656,0.9275,0.8,0.44
4,pathoalign_dep20,911,scc_33,0.7453743148933757,0.6578567095778205,0.9840909090909091,0.9318181818181818,0.35454545454545455
4,pathoalign_dep20,912,scc_33,0.7389699632471258,0.655739040537314,0.9795454545454545,0.9318181818181818,0.2818181818181818
4,pathoalign_dep20,913,scc_33,0.7449558527632193,0.6652001995931972,0.9659090909090909,0.9318181818181818,0.36363636363636365
4,pathoalign_dep20,914,scc_33,0.7401853195645592,0.673074334859848,0.9795454545454545,0.9318181818181818,0.33636363636363636
4,pathoalign_dep20,915,scc_33,0.7411495692350648,0.6694154034961354,0.9840909090909091,0.9318181818181818,0.43636363636363634
1,pathoalign_dep20,911,scc_34,0.7409445695579052,0.6495185121893883,0.98125,0.9375,0.325
1,pathoalign_dep20,912,scc_34,0.7609695307910442,0.6631657183170319,0.99375,0.9375,0.425
1,pathoalign_dep20,913,scc_34,0.7538540918380022,0.6785828992724419,0.95625,0.875,0.3
1,pathoalign_dep20,914,scc_34,0.7380071625113487,0.664824366569519,0.96875,0.875,0.35
1,pathoalign_dep20,915,scc_34,0.7513949412852525,0.6907951608300209,0.96875,0.875,0.325
4,pathoalign_dep20,911,scc_35,0.756113447745641,0.6931078632672628,1.0,1.0,0.4
4,pathoalign_dep20,912,scc_35,0.7378053168455759,0.6786878705024719,1.0,1.0,0.3333333333333333
4,pathoalign_dep20,913,scc_35,0.773694227139155,0.7323973576227824,1.0,1.0,0.3333333333333333
4,pathoalign_dep20,914,scc_35,0.7450303335984548,0.6896542112032572,1.0,1.0,0.26666666666666666
4,pathoalign_dep20,915,scc_35,0.7503266135851542,0.6796544194221497,1.0,1.0,0.2
2,pathoalign_dep20,911,scc_36,0.7401295958459377,0.6729229062795639,0.9975,0.975,0.33
2,pathoalign_dep20,912,scc_36,0.7318670193105936,0.6554933890700341,0.9825,0.925,0.44
2,pathoalign_dep20,913,scc_36,0.723647623360157,0.6430147603154183,0.99,0.95,0.34
2,pathoalign_dep20,914,scc_36,0.7302771002054215,0.6584984809160233,0.9975,0.975,0.41
2,pathoalign_dep20,915,scc_36,0.7369014456868171,0.6685120761394501,0.985,0.925,0.41
2,pathoalign_dep20,911,scc_37,0.7152957005160195,0.6374874711036682,1.0,1.0,0.4
2,pathoalign_dep20,912,scc_37,0.7084574392863683,0.623489533151899,1.0,1.0,0.34285714285714286
2,pathoalign_dep20,913,scc_37,0.7332575023174286,0.6523298365729195,1.0,1.0,0.37142857142857144
2,pathoalign_dep20,914,scc_37,0.727784447159086,0.6406629255839756,0.9928571428571429,0.9285714285714286,0.34285714285714286
2,pathoalign_dep20,915,scc_37,0.7150441518851689,0.6272368175642831,1.0,1.0,0.45714285714285713
1,pathoalign_dep20,911,scc_38,0.7429798197287779,0.6453914607946689,0.9769230769230769,0.9230769230769231,0.36153846153846153
1,pathoalign_dep20,912,scc_38,0.7389800382348207,0.6455739862643756,0.9826923076923076,0.9423076923076923,0.3384615384615385
1,pathoalign_dep20,913,scc_38,0.7433138159605173,0.6536996215581894,0.9788461538461538,0.9423076923076923,0.4076923076923077
1,pathoalign_dep20,914,scc_38,0.7409906386182858,0.6553740340929765,0.9769230769230769,0.9230769230769231,0.36153846153846153
1,pathoalign_dep20,915,scc_38,0.749198659337484,0.6601897180080414,0.9711538461538461,0.9038461538461539,0.33076923076923076
1,pathoalign_dep20,911,scc_39,0.7251623570919037,0.6079706847667694,0.9583333333333334,0.7916666666666666,0.36666666666666664
1,pathoalign_dep20,912,scc_39,0.7382066763937474,0.6337644358476003,0.9625,0.875,0.3333333333333333
1,pathoalign_dep20,913,scc_39,0.7406588519612948,0.6281296610832214,0.9666666666666667,0.875,0.3333333333333333
1,pathoalign_dep20,914,scc_39,0.7418305990596612,0.6347818921009699,0.9666666666666667,0.875,0.36666666666666664
1,pathoalign_dep20,915,scc_39,0.7405781596899033,0.6302986964583397,0.95,0.8333333333333334,0.38333333333333336
2,pathoalign_dep20,911,scc_40,0.7152177140116691,0.6414054930210114,1.0,1.0,0.4
2,pathoalign_dep20,912,scc_40,0.694759513437748,0.5957044214010239,0.9875,0.875,0.2
2,pathoalign_dep20,913,scc_40,0.7117900490760803,0.6343488395214081,1.0,1.0,0.35
2,pathoalign_dep20,914,scc_40,0.7144936010241508,0.6331702321767807,1.0,1.0,0.45
2,pathoalign_dep20,915,scc_40,0.7060952484607697,0.6117706298828125,1.0,1.0,0.45
2,pathoalign_dep20,911,scc_41,0.784535174369812,0.7092664480209351,1.0,1.0,0.4
2,pathoalign_dep20,912,scc_41,0.7783353900909424,0.7003362894058227,1.0,1.0,0.4
2,pathoalign_dep20,913,scc_41,0.7833502173423768,0.7163137555122375,0.98,0.9,0.24
2,pathoalign_dep20,914,scc_41,0.7916792976856232,0.7127320408821106,1.0,1.0,0.36
2,pathoalign_dep20,915,scc_41,0.7874457621574402,0.6975237727165222,1.0,1.0,0.28
3,pathoalign_dep20,911,scc_42,0.753690037557057,0.6921147874423436,1.0,1.0,0.2571428571428571
3,pathoalign_dep20,912,scc_42,0.7623320341110229,0.7103452341897147,1.0,1.0,0.34285714285714286
3,pathoalign_dep20,913,scc_42,0.7442880111081259,0.6695137960570199,1.0,1.0,0.34285714285714286
3,pathoalign_dep20,914,scc_42,0.7581620335578918,0.6890288506235395,1.0,1.0,0.3142857142857143
3,pathoalign_dep20,915,scc_42,0.7565744136060987,0.6922339200973511,1.0,1.0,0.2571428571428571
4,pathoalign_dep20,911,scc_43,0.7161560212002426,0.6432067522260009,0.8327868852459016,0.7049180327868853,0.40327868852459015
4,pathoalign_dep20,912,scc_43,0.7242217973607485,0.6463998409568287,0.8270491803278689,0.6967213114754098,0.34098360655737703
4,pathoalign_dep20,913,scc_43,0.7223291662872815,0.6443099643363327,0.839344262295082,0.7131147540983607,0.4524590163934426
4,pathoalign_dep20,914,scc_43,0.7215881969107956,0.6452774615561376,0.8467213114754099,0.7213114754098361,0.36721311475409835
4,pathoalign_dep20,915,scc_43,0.7133489790998522,0.6356875671715033,0.8327868852459016,0.6885245901639344,0.32131147540983607
0,pathoalign_dep20,911,scc_44,0.7237300183091845,0.6508966088294983,0.9107142857142857,0.8214285714285714,0.32857142857142857
0,pathoalign_dep20,912,scc_44,0.7297533301370485,0.6422989858048302,0.8571428571428571,0.75,0.2857142857142857
0,pathoalign_dep20,913,scc_44,0.7500124797224998,0.677846161382539,0.8785714285714286,0.7857142857142857,0.34285714285714286
0,pathoalign_dep20,914,scc_44,0.7257648610642978,0.6493622894798007,0.8964285714285715,0.75,0.4714285714285714
0,pathoalign_dep20,915,scc_44,0.726426152246339,0.6582236119679042,0.9071428571428571,0.8214285714285714,0.4142857142857143
